{
  "State.f681a525-21b3-4126-b8d3-1acc98388b05": {
    "name": "Oklahoma",
    "created_at": "2023-11-07T17:04:36.008683",
    "updated_at": "2023-11-07T17:04:36.008834",
    "id": "f681a525-21b3-4126-b8d3-1acc98388b05",
    "__class__": "State"
  },
  "State.e1105ebd-e649-4996-b5f1-29440b0b42fd": {
    "name": "Texas",
    "created_at": "2023-11-07T17:04:45.696801",
    "updated_at": "2023-11-07T17:04:45.696871",
    "id": "e1105ebd-e649-4996-b5f1-29440b0b42fd",
    "__class__": "State"
  }
}
